epoch,time,train/box_loss,train/cls_loss,train/dfl_loss,metrics/precision(B),metrics/recall(B),metrics/mAP50(B),metrics/mAP50-95(B),val/box_loss,val/cls_loss,val/dfl_loss,lr/pg0,lr/pg1,lr/pg2
1,17.1868,1.67644,3.85035,1.32456,0.33619,0.65,0.30331,0.15346,1.63002,2.89612,1.26728,0.00048,0.00048,0.00048
2,28.1286,1.52972,1.44073,1.2538,0.61793,0.40436,0.42104,0.21017,1.78801,2.60712,1.38262,0.000975149,0.000975149,0.000975149
3,43.1531,1.44563,1.2005,1.21886,0.3409,0.28,0.23421,0.09831,2.50838,2.78591,1.82121,0.00146535,0.00146535,0.00146535
4,52.8274,1.47842,1.21813,1.21926,0.01611,0.11,0.00956,0.00449,2.57603,58.2596,2.28956,0.0019506,0.0019506,0.0019506
5,67.8874,1.45814,1.18115,1.25298,0.00078,0.2,0.00043,0.00013,4.29547,inf,8.54964,0.0019604,0.0019604,0.0019604
6,77.2804,1.45418,1.05281,1.22876,0.02967,0.15,0.00919,0.00331,2.73444,7.70937,4.64349,0.0019505,0.0019505,0.0019505
7,91.4742,1.4452,1.10723,1.24268,0.71751,0.59,0.68508,0.35764,1.73919,2.66455,1.42377,0.0019406,0.0019406,0.0019406
8,101.581,1.45319,1.01665,1.20031,0.7332,0.57,0.62142,0.31513,1.82507,2.69246,1.41746,0.0019307,0.0019307,0.0019307
9,116.299,1.37668,0.99182,1.18353,0.05053,0.89,0.04944,0.02578,1.56891,40.3279,1.64867,0.0019208,0.0019208,0.0019208
10,125.748,1.36635,1.04414,1.2029,0.87486,0.76904,0.86862,0.50151,1.42827,1.40176,1.25416,0.0019109,0.0019109,0.0019109
11,140.039,1.3637,0.98275,1.17818,0.85245,0.87,0.90731,0.50796,1.52415,1.27718,1.26612,0.001901,0.001901,0.001901
12,150.26,1.33465,0.93149,1.14736,0.80755,0.67138,0.81652,0.41939,1.77464,1.31185,1.37145,0.0018911,0.0018911,0.0018911
13,164.107,1.31277,0.92696,1.16749,0.81796,0.87,0.89233,0.48727,1.78896,1.08708,1.42546,0.0018812,0.0018812,0.0018812
14,174.155,1.31484,0.92942,1.15119,0.67889,0.78,0.76212,0.40371,1.82906,1.25526,1.4022,0.0018713,0.0018713,0.0018713
15,187.974,1.31419,0.89746,1.14539,0.79613,0.74198,0.81777,0.43438,1.6829,1.13336,1.36406,0.0018614,0.0018614,0.0018614
16,197.663,1.28255,0.8826,1.13621,0.76926,0.86682,0.83117,0.45665,1.52097,1.08884,1.22604,0.0018515,0.0018515,0.0018515
17,211.41,1.28247,0.86765,1.14521,0.81898,0.76915,0.8623,0.4605,1.60213,1.06008,1.33426,0.0018416,0.0018416,0.0018416
18,221.282,1.24,0.87293,1.14974,0.70958,0.78185,0.76646,0.42489,1.57164,1.70083,1.35838,0.0018317,0.0018317,0.0018317
19,235.582,1.2817,0.84712,1.14777,0.91836,0.7874,0.90257,0.49345,1.51204,1.24828,1.22994,0.0018218,0.0018218,0.0018218
20,244.728,1.26994,0.85722,1.14705,0.86694,0.8,0.90372,0.53298,1.47197,1.02033,1.19444,0.0018119,0.0018119,0.0018119
21,260.038,1.21635,0.82913,1.12804,0.87811,0.79247,0.88599,0.5084,1.53931,1.09033,1.20417,0.001802,0.001802,0.001802
22,269.121,1.23575,0.80292,1.10104,0.81999,0.81995,0.88534,0.51209,1.58948,1.0505,1.25154,0.0017921,0.0017921,0.0017921
23,283.418,1.22853,0.83157,1.11234,0.74261,0.82,0.83383,0.4631,1.51037,1.22468,1.24064,0.0017822,0.0017822,0.0017822
24,293.003,1.18315,0.80147,1.09919,0.88938,0.80404,0.90085,0.52147,1.51035,0.98138,1.21745,0.0017723,0.0017723,0.0017723
25,306.544,1.16178,0.77786,1.06693,0.84037,0.84233,0.88864,0.50899,1.46136,1.06882,1.18894,0.0017624,0.0017624,0.0017624
26,316.038,1.14655,0.78475,1.08735,0.86086,0.80431,0.89014,0.53055,1.47258,1.23919,1.23399,0.0017525,0.0017525,0.0017525
27,330.829,1.13044,0.7771,1.08322,0.81191,0.87,0.87893,0.50118,1.4933,1.1251,1.20669,0.0017426,0.0017426,0.0017426
28,340.193,1.13224,0.76254,1.09009,0.89474,0.86,0.91055,0.54385,1.47673,0.97268,1.22769,0.0017327,0.0017327,0.0017327
29,355.685,1.15688,0.73865,1.09564,0.91831,0.83,0.90958,0.54492,1.51386,1.04405,1.24784,0.0017228,0.0017228,0.0017228
30,365.362,1.09634,0.70671,1.05264,0.86237,0.87727,0.91569,0.53163,1.44151,1.01229,1.22931,0.0017129,0.0017129,0.0017129
31,379.708,1.10193,0.72082,1.07177,0.90402,0.84768,0.88794,0.50816,1.60058,0.92268,1.27775,0.001703,0.001703,0.001703
32,388.851,1.06601,0.69713,1.05401,0.92057,0.81124,0.91807,0.51705,1.51384,0.9538,1.21727,0.0016931,0.0016931,0.0016931
33,403.347,1.04321,0.67021,1.05022,0.90301,0.85,0.92629,0.55947,1.39983,0.87682,1.19997,0.0016832,0.0016832,0.0016832
34,413.184,1.07581,0.69247,1.05655,0.85409,0.88,0.9164,0.53149,1.54793,1.00239,1.2086,0.0016733,0.0016733,0.0016733
35,427.192,1.0904,0.71327,1.0706,0.87673,0.77,0.87515,0.52051,1.46956,0.98716,1.20832,0.0016634,0.0016634,0.0016634
36,436.657,1.06391,0.69157,1.04183,0.94456,0.85,0.92442,0.50748,1.62498,0.84295,1.28393,0.0016535,0.0016535,0.0016535
37,451.368,1.04271,0.68655,1.04129,0.90354,0.84309,0.91521,0.51005,1.56762,0.93498,1.2675,0.0016436,0.0016436,0.0016436
38,460.722,1.04662,0.68056,1.05139,0.8264,0.83,0.86125,0.48787,1.51739,1.3335,1.2364,0.0016337,0.0016337,0.0016337
39,475.102,1.0538,0.68463,1.05877,0.98845,0.84,0.94575,0.56718,1.40118,0.77048,1.21439,0.0016238,0.0016238,0.0016238
40,484.532,0.9999,0.64255,1.0413,0.91016,0.84,0.93111,0.52685,1.51123,0.90464,1.22736,0.0016139,0.0016139,0.0016139
41,499.737,0.99206,0.65193,1.02573,0.91578,0.86984,0.92593,0.53277,1.50108,0.87489,1.23486,0.001604,0.001604,0.001604
42,509.342,1.02179,0.65131,1.02734,0.97431,0.87,0.94677,0.54911,1.4076,0.84068,1.19941,0.0015941,0.0015941,0.0015941
43,522.931,0.99141,0.62669,1.01641,0.89141,0.86,0.90095,0.53979,1.40771,0.8458,1.19588,0.0015842,0.0015842,0.0015842
44,532.172,0.99021,0.61419,1.02183,0.92363,0.85,0.90536,0.51578,1.43925,0.92735,1.22871,0.0015743,0.0015743,0.0015743
45,545.992,0.97292,0.62523,1.02047,0.90391,0.84,0.89835,0.51346,1.53492,0.97734,1.25379,0.0015644,0.0015644,0.0015644
46,555.314,0.98491,0.60786,1.02294,0.92802,0.90258,0.95392,0.54688,1.36785,0.78334,1.16273,0.0015545,0.0015545,0.0015545
47,569.547,0.96884,0.6328,1.0261,0.90904,0.86,0.92367,0.51851,1.45235,0.95855,1.21731,0.0015446,0.0015446,0.0015446
48,579.039,0.95371,0.58448,1.01065,0.93668,0.9,0.95899,0.57139,1.32785,0.75962,1.17119,0.0015347,0.0015347,0.0015347
49,593.394,0.91599,0.59262,1.00671,0.95437,0.85,0.90861,0.54308,1.50474,0.75684,1.24937,0.0015248,0.0015248,0.0015248
50,602.768,0.90988,0.56747,0.98749,0.92555,0.83,0.90041,0.49893,1.55668,0.81726,1.28025,0.0015149,0.0015149,0.0015149
51,616.778,0.93603,0.59571,1.00029,0.95121,0.87,0.93247,0.52928,1.5205,0.79282,1.22214,0.001505,0.001505,0.001505
52,625.812,0.90238,0.56368,0.99304,0.9104,0.92,0.95189,0.57262,1.44647,0.763,1.16924,0.0014951,0.0014951,0.0014951
53,640.449,0.87831,0.55684,0.98399,0.92327,0.9,0.96152,0.566,1.40809,0.79388,1.1631,0.0014852,0.0014852,0.0014852
54,649.406,0.91241,0.55682,0.98836,0.91671,0.9,0.94363,0.54344,1.43277,0.81823,1.22083,0.0014753,0.0014753,0.0014753
55,663.454,0.92557,0.55286,1.00758,0.96715,0.9,0.96658,0.59651,1.31697,0.70183,1.14639,0.0014654,0.0014654,0.0014654
56,673.6,0.85546,0.53655,0.97401,0.90525,0.85982,0.92666,0.52953,1.43562,0.88656,1.21095,0.0014555,0.0014555,0.0014555
57,687.458,0.8812,0.54042,0.98754,0.92895,0.82,0.89234,0.52076,1.48148,1.06405,1.20887,0.0014456,0.0014456,0.0014456
58,696.705,0.86924,0.5598,0.97926,0.96605,0.84,0.94475,0.53973,1.4223,0.77302,1.20562,0.0014357,0.0014357,0.0014357
59,711.103,0.88773,0.55385,0.98137,0.87126,0.82,0.91635,0.53145,1.45506,0.94081,1.21352,0.0014258,0.0014258,0.0014258
60,720.215,0.86112,0.52945,0.9722,0.94798,0.85,0.94103,0.56839,1.34521,0.82338,1.19405,0.0014159,0.0014159,0.0014159
61,734.181,0.83586,0.52322,0.97248,0.96623,0.88,0.95435,0.56525,1.46498,0.7524,1.21425,0.001406,0.001406,0.001406
62,743.519,0.86471,0.52415,0.96276,0.86689,0.84664,0.91079,0.52712,1.48024,0.87513,1.22446,0.0013961,0.0013961,0.0013961
63,757.89,0.85963,0.52008,0.97236,0.95054,0.83,0.92965,0.51813,1.50497,0.88822,1.22822,0.0013862,0.0013862,0.0013862
64,767.215,0.8202,0.51066,0.97854,0.87686,0.87,0.93248,0.54694,1.4755,0.98847,1.20729,0.0013763,0.0013763,0.0013763
65,781.285,0.85148,0.51411,0.98069,0.93706,0.87,0.9473,0.53314,1.58872,0.88428,1.23902,0.0013664,0.0013664,0.0013664
66,790.561,0.8294,0.5014,0.97456,0.96557,0.84124,0.96003,0.54758,1.49523,0.91234,1.21755,0.0013565,0.0013565,0.0013565
67,805.122,0.8642,0.52935,0.97931,0.90318,0.91,0.94314,0.572,1.44634,0.7511,1.21384,0.0013466,0.0013466,0.0013466
68,814.422,0.83013,0.49635,0.97822,0.91802,0.89587,0.93934,0.56256,1.42109,0.79949,1.18572,0.0013367,0.0013367,0.0013367
69,828.071,0.84579,0.51113,0.97478,0.98663,0.87,0.95968,0.57047,1.44591,0.76946,1.17007,0.0013268,0.0013268,0.0013268
70,837.353,0.80659,0.48437,0.95325,0.9358,0.87463,0.94495,0.5566,1.44865,0.77536,1.21997,0.0013169,0.0013169,0.0013169
71,851.798,0.85022,0.51077,0.97862,0.88851,0.9,0.91197,0.54575,1.48061,0.75313,1.22207,0.001307,0.001307,0.001307
72,861.509,0.8112,0.50358,0.96951,0.88467,0.9,0.92132,0.56467,1.38866,0.74159,1.18155,0.0012971,0.0012971,0.0012971
73,875.258,0.78617,0.47701,0.94439,0.94559,0.86904,0.92704,0.53151,1.48127,0.83096,1.209,0.0012872,0.0012872,0.0012872
74,884.41,0.79246,0.48988,0.94559,0.93891,0.88,0.94827,0.568,1.40973,0.84404,1.20329,0.0012773,0.0012773,0.0012773
75,898.416,0.80081,0.47323,0.94674,0.97015,0.89,0.95424,0.55761,1.44184,0.85548,1.20787,0.0012674,0.0012674,0.0012674
76,908.177,0.7876,0.47881,0.96385,0.92468,0.85941,0.91989,0.54296,1.40357,0.80739,1.20248,0.0012575,0.0012575,0.0012575
77,921.645,0.82047,0.49388,0.9868,0.96023,0.9,0.95667,0.55469,1.43738,0.7444,1.19164,0.0012476,0.0012476,0.0012476
78,930.968,0.78765,0.469,0.9527,0.95599,0.86884,0.94572,0.55434,1.4544,0.7795,1.19266,0.0012377,0.0012377,0.0012377
79,944.985,0.80382,0.47606,0.94813,0.93611,0.82,0.93052,0.54802,1.44064,0.75823,1.1872,0.0012278,0.0012278,0.0012278
80,954.254,0.82261,0.50769,0.96432,0.95683,0.88668,0.94781,0.57157,1.45808,0.90296,1.20397,0.0012179,0.0012179,0.0012179
81,968.816,0.77214,0.46234,0.94051,0.89283,0.84,0.90528,0.52613,1.55962,1.26591,1.24702,0.001208,0.001208,0.001208
82,978.232,0.76497,0.46379,0.94183,0.96465,0.85,0.92698,0.56301,1.47902,0.98281,1.1987,0.0011981,0.0011981,0.0011981
83,991.722,0.78641,0.48448,0.94519,0.9333,0.83952,0.90748,0.54657,1.4083,1.09047,1.19475,0.0011882,0.0011882,0.0011882
84,1001.47,0.77247,0.46506,0.94172,0.97722,0.85791,0.954,0.56927,1.41747,0.72434,1.16131,0.0011783,0.0011783,0.0011783
85,1015.3,0.76875,0.46095,0.95641,0.98609,0.83,0.93463,0.56703,1.40144,0.77827,1.16625,0.0011684,0.0011684,0.0011684
86,1024.97,0.73885,0.45305,0.92777,0.92653,0.88277,0.95553,0.55252,1.37278,0.69806,1.1748,0.0011585,0.0011585,0.0011585
87,1038.31,0.73001,0.44846,0.93158,0.9803,0.87,0.95513,0.57362,1.39244,0.67929,1.17227,0.0011486,0.0011486,0.0011486
88,1047.91,0.74707,0.4523,0.93967,0.9475,0.92,0.95285,0.58382,1.34041,0.68634,1.15407,0.0011387,0.0011387,0.0011387
89,1061.81,0.73943,0.44691,0.93986,0.97072,0.85,0.94926,0.58169,1.34373,0.72259,1.15152,0.0011288,0.0011288,0.0011288
90,1071.5,0.74585,0.44761,0.93247,0.98836,0.84905,0.94838,0.54742,1.47957,0.74306,1.21205,0.0011189,0.0011189,0.0011189
91,1085.02,0.74763,0.43822,0.94438,0.95572,0.87,0.95581,0.57855,1.39647,0.72181,1.18485,0.001109,0.001109,0.001109
92,1094.93,0.71539,0.43683,0.91971,1,0.88699,0.97921,0.59549,1.34148,0.59415,1.17055,0.0010991,0.0010991,0.0010991
93,1108.72,0.72574,0.43614,0.9391,0.97624,0.86,0.96263,0.58689,1.35348,0.71705,1.1713,0.0010892,0.0010892,0.0010892
94,1118.45,0.70168,0.419,0.91891,0.96734,0.88847,0.96158,0.58048,1.43059,0.70814,1.19925,0.0010793,0.0010793,0.0010793
95,1131.91,0.70993,0.42173,0.92033,0.96672,0.8715,0.95362,0.57388,1.49603,0.76585,1.19653,0.0010694,0.0010694,0.0010694
96,1141.89,0.72463,0.43715,0.9303,0.98733,0.86,0.95883,0.58587,1.43272,0.80646,1.17925,0.0010595,0.0010595,0.0010595
97,1155.16,0.77519,0.44889,0.95747,0.92944,0.84,0.93802,0.54519,1.45531,0.89467,1.20928,0.0010496,0.0010496,0.0010496
98,1165.11,0.71336,0.44135,0.93387,0.92578,0.89,0.94361,0.57056,1.44898,0.80567,1.21334,0.0010397,0.0010397,0.0010397
99,1177.99,0.69519,0.43039,0.93487,0.9506,0.88,0.96068,0.57223,1.45134,0.74248,1.17439,0.0010298,0.0010298,0.0010298
100,1188.09,0.68707,0.41856,0.92422,0.91873,0.90435,0.95324,0.56597,1.40976,0.72549,1.16877,0.0010199,0.0010199,0.0010199
101,1201.04,0.71357,0.42442,0.93449,0.93502,0.89,0.9491,0.56544,1.41997,0.68303,1.1642,0.00101,0.00101,0.00101
102,1211.31,0.70814,0.43268,0.93476,0.91843,0.88,0.95218,0.58081,1.38814,0.68214,1.17681,0.0010001,0.0010001,0.0010001
103,1224.02,0.68109,0.42102,0.9187,0.94574,0.87149,0.95147,0.58748,1.37623,0.68864,1.16229,0.0009902,0.0009902,0.0009902
104,1234.46,0.7031,0.41496,0.9257,0.94342,0.88,0.95325,0.57993,1.31732,0.70661,1.14118,0.0009803,0.0009803,0.0009803
105,1246.97,0.68374,0.41212,0.92265,0.97312,0.89,0.96141,0.59914,1.32489,0.64983,1.14057,0.0009704,0.0009704,0.0009704
106,1257.71,0.72928,0.42588,0.92184,0.92453,0.89,0.92842,0.55652,1.40661,0.71308,1.19793,0.0009605,0.0009605,0.0009605
107,1270.77,0.68104,0.41265,0.91669,0.9157,0.9,0.91944,0.53351,1.41307,0.75938,1.20207,0.0009506,0.0009506,0.0009506
108,1280.45,0.70413,0.41784,0.93011,0.95339,0.83,0.92608,0.56497,1.34384,0.74281,1.16658,0.0009407,0.0009407,0.0009407
109,1294.15,0.68685,0.42148,0.921,0.94051,0.88,0.94095,0.57645,1.38166,0.68049,1.16188,0.0009308,0.0009308,0.0009308
110,1303.96,0.64501,0.39195,0.9134,0.94926,0.89,0.96504,0.59338,1.37952,0.6423,1.17215,0.0009209,0.0009209,0.0009209
111,1317.3,0.67655,0.4186,0.92685,0.95039,0.85,0.93387,0.56378,1.3851,0.72573,1.16607,0.000911,0.000911,0.000911
112,1326.79,0.67469,0.41305,0.92654,0.97795,0.88698,0.95015,0.59258,1.36026,0.62308,1.16034,0.0009011,0.0009011,0.0009011
113,1341.41,0.65477,0.39826,0.92161,0.95862,0.92664,0.9714,0.60777,1.36175,0.59461,1.15784,0.0008912,0.0008912,0.0008912
114,1351.08,0.67254,0.40941,0.91779,0.97777,0.87957,0.96214,0.5818,1.35789,0.64256,1.16111,0.0008813,0.0008813,0.0008813
115,1365.61,0.63325,0.40004,0.90987,0.93976,0.93604,0.95428,0.57558,1.47158,0.66687,1.2223,0.0008714,0.0008714,0.0008714
116,1375.16,0.67204,0.40113,0.91552,0.95635,0.89,0.95104,0.58203,1.41702,0.67876,1.18267,0.0008615,0.0008615,0.0008615
117,1389.24,0.66142,0.40302,0.91168,0.96756,0.8948,0.96229,0.58176,1.40293,0.67286,1.18768,0.0008516,0.0008516,0.0008516
118,1398.96,0.64782,0.39926,0.90298,0.9006,0.90601,0.9382,0.56267,1.3909,0.67796,1.1834,0.0008417,0.0008417,0.0008417
119,1413.16,0.63964,0.39905,0.9159,0.95567,0.86235,0.9502,0.56918,1.43646,0.68409,1.20165,0.0008318,0.0008318,0.0008318
120,1422.77,0.63874,0.38613,0.90333,0.95971,0.92,0.97006,0.58764,1.37627,0.61833,1.16991,0.0008219,0.0008219,0.0008219
121,1437.3,0.6069,0.37339,0.90223,0.95938,0.91,0.96389,0.5926,1.31414,0.60006,1.16515,0.000812,0.000812,0.000812
122,1446.48,0.6491,0.38745,0.91131,0.976,0.91,0.96185,0.60028,1.39216,0.63664,1.16646,0.0008021,0.0008021,0.0008021
123,1460.67,0.64973,0.3854,0.89795,0.96323,0.88,0.9548,0.58908,1.38204,0.67254,1.18382,0.0007922,0.0007922,0.0007922
124,1470.09,0.61636,0.36611,0.89635,0.97808,0.8924,0.96244,0.58986,1.3787,0.62375,1.17241,0.0007823,0.0007823,0.0007823
125,1483.87,0.62003,0.36687,0.9019,0.97326,0.9,0.9629,0.59566,1.37403,0.62874,1.1871,0.0007724,0.0007724,0.0007724
126,1493.15,0.62355,0.37168,0.90544,0.93569,0.91,0.95794,0.59228,1.35531,0.61395,1.17538,0.0007625,0.0007625,0.0007625
127,1508.06,0.64264,0.37788,0.90722,0.94413,0.9,0.96014,0.57592,1.38857,0.5988,1.19135,0.0007526,0.0007526,0.0007526
128,1517.41,0.61505,0.37375,0.90043,0.9612,0.9,0.95818,0.58211,1.37141,0.6324,1.16378,0.0007427,0.0007427,0.0007427
129,1531.02,0.64654,0.37699,0.90921,0.96458,0.9,0.96635,0.59756,1.33855,0.63216,1.15617,0.0007328,0.0007328,0.0007328
130,1540.53,0.64599,0.38109,0.90824,0.92654,0.92,0.96084,0.59733,1.38629,0.62959,1.17167,0.0007229,0.0007229,0.0007229
131,1553.64,0.63158,0.38044,0.89878,0.91407,0.91,0.95371,0.58373,1.3776,0.67783,1.17233,0.000713,0.000713,0.000713
132,1563.28,0.62249,0.3668,0.90107,0.98394,0.89,0.96532,0.59025,1.39278,0.66438,1.18231,0.0007031,0.0007031,0.0007031
133,1575.62,0.61357,0.36814,0.89975,0.97045,0.87,0.97056,0.59304,1.33073,0.68073,1.16107,0.0006932,0.0006932,0.0006932
134,1585.98,0.59285,0.35617,0.88588,0.97821,0.89778,0.96482,0.58554,1.34495,0.66776,1.17419,0.0006833,0.0006833,0.0006833
135,1597.59,0.60832,0.36718,0.89247,0.96407,0.89,0.95916,0.59122,1.34759,0.62948,1.18369,0.0006734,0.0006734,0.0006734
136,1609.4,0.61405,0.37347,0.90412,0.95469,0.84,0.94856,0.58969,1.3239,0.67528,1.15886,0.0006635,0.0006635,0.0006635
137,1619.87,0.59789,0.36671,0.89953,0.95695,0.93,0.97322,0.60297,1.36054,0.59184,1.15163,0.0006536,0.0006536,0.0006536
138,1631.87,0.60923,0.36161,0.9135,0.97516,0.94,0.97886,0.58752,1.37903,0.56386,1.17945,0.0006437,0.0006437,0.0006437
139,1642.38,0.56677,0.36125,0.89169,0.96429,0.93,0.9795,0.58367,1.3764,0.60345,1.18153,0.0006338,0.0006338,0.0006338
140,1655.06,0.58104,0.35889,0.89429,0.9564,0.91,0.95922,0.58631,1.33987,0.62638,1.18297,0.0006239,0.0006239,0.0006239
141,1665.08,0.58207,0.34843,0.88132,0.9495,0.9,0.96405,0.58414,1.37912,0.75107,1.18136,0.000614,0.000614,0.000614
142,1677.81,0.56623,0.3421,0.88885,0.90962,0.90587,0.95614,0.57591,1.37239,0.78481,1.18552,0.0006041,0.0006041,0.0006041
143,1687.45,0.57571,0.35193,0.87616,0.9481,0.88,0.96437,0.58714,1.36812,0.69305,1.18379,0.0005942,0.0005942,0.0005942
144,1700.32,0.59811,0.35106,0.88389,0.94575,0.93,0.97064,0.58921,1.40285,0.62737,1.19792,0.0005843,0.0005843,0.0005843
145,1709.86,0.58818,0.35828,0.88594,0.95272,0.89,0.96369,0.57795,1.38246,0.67833,1.1872,0.0005744,0.0005744,0.0005744
146,1723.75,0.5979,0.3484,0.9007,0.95162,0.88,0.96814,0.57944,1.36716,0.70868,1.17481,0.0005645,0.0005645,0.0005645
147,1732.77,0.60163,0.35946,0.89826,0.97776,0.89,0.97741,0.59311,1.34431,0.63151,1.16285,0.0005546,0.0005546,0.0005546
148,1746.31,0.59397,0.35792,0.88775,0.98973,0.86,0.9741,0.59988,1.35135,0.69486,1.16033,0.0005447,0.0005447,0.0005447
149,1755.61,0.5765,0.35726,0.89894,0.9364,0.89,0.9656,0.59274,1.32241,0.7415,1.15777,0.0005348,0.0005348,0.0005348
150,1769.2,0.5655,0.35352,0.89104,0.92101,0.93283,0.97118,0.60672,1.31673,0.63014,1.15403,0.0005249,0.0005249,0.0005249
151,1778.51,0.56144,0.34315,0.89089,0.91415,0.95831,0.97387,0.60869,1.3251,0.59769,1.14691,0.000515,0.000515,0.000515
152,1791.95,0.54163,0.34023,0.87909,0.91799,0.95,0.97552,0.60439,1.3519,0.62295,1.16949,0.0005051,0.0005051,0.0005051
153,1801.28,0.536,0.33368,0.88328,0.93392,0.95,0.97634,0.59322,1.38687,0.63297,1.18733,0.0004952,0.0004952,0.0004952
154,1815.01,0.55132,0.32719,0.88738,0.95768,0.92,0.97587,0.59621,1.36177,0.62757,1.17416,0.0004853,0.0004853,0.0004853
155,1824.61,0.549,0.33849,0.89197,0.9892,0.9163,0.97349,0.59163,1.38306,0.61075,1.17438,0.0004754,0.0004754,0.0004754
156,1837.23,0.56228,0.34192,0.8978,0.9853,0.91,0.96174,0.58208,1.38935,0.62473,1.17874,0.0004655,0.0004655,0.0004655
157,1847.32,0.55125,0.33585,0.87663,0.95787,0.90936,0.96648,0.5914,1.38648,0.63594,1.17957,0.0004556,0.0004556,0.0004556
158,1859.47,0.54213,0.33294,0.87691,0.9868,0.87,0.96485,0.5893,1.36501,0.63975,1.17862,0.0004457,0.0004457,0.0004457
159,1870.42,0.51878,0.31869,0.87178,0.94745,0.90148,0.96956,0.58964,1.39407,0.65854,1.19565,0.0004358,0.0004358,0.0004358
160,1883.08,0.52631,0.3257,0.87345,0.97571,0.9,0.97434,0.59163,1.37934,0.63263,1.18788,0.0004259,0.0004259,0.0004259
161,1893.95,0.53105,0.32101,0.87363,0.94999,0.91,0.96967,0.58639,1.38661,0.67407,1.18632,0.000416,0.000416,0.000416
162,1906.1,0.52936,0.3275,0.87674,0.94505,0.89,0.96588,0.57742,1.38403,0.71305,1.19234,0.0004061,0.0004061,0.0004061
163,1916.38,0.54541,0.32913,0.88518,0.96372,0.9,0.96493,0.58341,1.41333,0.65088,1.19942,0.0003962,0.0003962,0.0003962
164,1929.26,0.52454,0.33191,0.87566,0.96059,0.92,0.97395,0.60129,1.38839,0.65248,1.17848,0.0003863,0.0003863,0.0003863
165,1940,0.52046,0.31895,0.87786,0.9493,0.93616,0.97527,0.60888,1.3688,0.62418,1.17787,0.0003764,0.0003764,0.0003764
166,1953.71,0.50977,0.31234,0.8677,0.96112,0.91,0.97172,0.5911,1.40236,0.65471,1.18795,0.0003665,0.0003665,0.0003665
167,1963.88,0.52966,0.32618,0.88794,0.93606,0.93,0.97476,0.60947,1.3745,0.65601,1.16557,0.0003566,0.0003566,0.0003566
168,1978.21,0.51889,0.317,0.87492,0.94659,0.93,0.97901,0.61031,1.36165,0.58108,1.15461,0.0003467,0.0003467,0.0003467
169,1987.9,0.55006,0.32231,0.88313,0.9537,0.91,0.9751,0.59688,1.38095,0.6209,1.16785,0.0003368,0.0003368,0.0003368
170,2002.32,0.52385,0.31912,0.8762,0.92361,0.96726,0.97657,0.60209,1.36955,0.65616,1.16092,0.0003269,0.0003269,0.0003269
171,2011.55,0.51992,0.31403,0.86404,0.95029,0.95585,0.98174,0.61252,1.37394,0.6157,1.15588,0.000317,0.000317,0.000317
172,2026.89,0.53205,0.31456,0.87688,0.94283,0.95,0.98221,0.60095,1.39803,0.62864,1.17676,0.0003071,0.0003071,0.0003071
173,2036.16,0.51976,0.30783,0.87654,0.93938,0.92976,0.97408,0.58436,1.37343,0.67184,1.17893,0.0002972,0.0002972,0.0002972
174,2049.75,0.50471,0.30966,0.88099,0.93066,0.91,0.96856,0.58547,1.38171,0.69199,1.18858,0.0002873,0.0002873,0.0002873
175,2059.33,0.51157,0.3129,0.8665,0.95602,0.89,0.96362,0.58701,1.3856,0.70964,1.18625,0.0002774,0.0002774,0.0002774
176,2072.68,0.48433,0.29893,0.86261,0.94698,0.91,0.96277,0.58581,1.4153,0.71869,1.18687,0.0002675,0.0002675,0.0002675
177,2082.12,0.51603,0.31188,0.86262,0.95821,0.92,0.96898,0.60073,1.37612,0.72954,1.17768,0.0002576,0.0002576,0.0002576
178,2095.41,0.50623,0.31216,0.87559,0.92168,0.9414,0.97795,0.60129,1.3877,0.66852,1.17353,0.0002477,0.0002477,0.0002477
179,2105.06,0.50353,0.30543,0.86808,0.9492,0.93426,0.97892,0.60369,1.38777,0.69473,1.18169,0.0002378,0.0002378,0.0002378
180,2118.28,0.49497,0.30081,0.87003,0.94873,0.94,0.97796,0.60172,1.39714,0.70046,1.18507,0.0002279,0.0002279,0.0002279
181,2128.66,0.46718,0.29092,0.85853,0.92129,0.93636,0.97054,0.5986,1.36479,0.69679,1.17826,0.000218,0.000218,0.000218
182,2140.49,0.49967,0.3049,0.87976,0.93994,0.939,0.97107,0.59781,1.39189,0.72625,1.18393,0.0002081,0.0002081,0.0002081
183,2150.66,0.51197,0.30011,0.87188,0.9494,0.93809,0.96929,0.59484,1.39771,0.75714,1.1845,0.0001982,0.0001982,0.0001982
184,2162.88,0.50606,0.30518,0.87173,0.95653,0.92,0.9609,0.58353,1.39084,0.78349,1.19291,0.0001883,0.0001883,0.0001883
185,2173.44,0.51249,0.30405,0.8648,0.93802,0.92,0.96429,0.58619,1.37657,0.72769,1.18487,0.0001784,0.0001784,0.0001784
186,2185.39,0.47872,0.2965,0.86018,0.93867,0.91837,0.97066,0.5915,1.37209,0.65831,1.17397,0.0001685,0.0001685,0.0001685
187,2196.71,0.48313,0.3019,0.8655,0.95679,0.91,0.97188,0.59558,1.3706,0.61566,1.17615,0.0001586,0.0001586,0.0001586
188,2207.38,0.47776,0.29742,0.86354,0.9229,0.95761,0.97456,0.58985,1.36421,0.61797,1.1761,0.0001487,0.0001487,0.0001487
189,2219.47,0.47592,0.28877,0.85944,0.92271,0.95513,0.97282,0.58682,1.35594,0.61923,1.1786,0.0001388,0.0001388,0.0001388
190,2229.92,0.48488,0.29171,0.87694,0.93699,0.92,0.9693,0.59651,1.35962,0.64101,1.18157,0.0001289,0.0001289,0.0001289
191,2243.34,0.73798,0.35858,0.93825,0.95612,0.92,0.97077,0.59141,1.36679,0.65187,1.18481,0.000119,0.000119,0.000119
192,2254.92,0.73849,0.34598,0.93863,0.95826,0.91841,0.96938,0.59159,1.34914,0.64864,1.17508,0.0001091,0.0001091,0.0001091
193,2265.92,0.74604,0.35139,0.96645,0.94744,0.93,0.97178,0.59638,1.32336,0.59412,1.1602,9.92e-05,9.92e-05,9.92e-05
194,2276.76,0.70222,0.33039,0.93964,0.94011,0.94178,0.97429,0.60133,1.33155,0.58937,1.15896,8.93e-05,8.93e-05,8.93e-05
195,2288.64,0.71662,0.33863,0.93808,0.95361,0.92,0.97369,0.59505,1.34263,0.58849,1.16564,7.94e-05,7.94e-05,7.94e-05
196,2298.47,0.7269,0.33858,0.9408,0.93048,0.93692,0.97385,0.59731,1.33248,0.59849,1.16051,6.95e-05,6.95e-05,6.95e-05
197,2310.71,0.6924,0.32387,0.94384,0.94799,0.93,0.97491,0.60343,1.33302,0.59882,1.15721,5.96e-05,5.96e-05,5.96e-05
198,2320.91,0.68873,0.31983,0.93254,0.94876,0.93,0.97577,0.60041,1.33048,0.59777,1.15539,4.97e-05,4.97e-05,4.97e-05
199,2334.06,0.70271,0.32038,0.93778,0.95865,0.92746,0.97538,0.60814,1.32447,0.60889,1.15077,3.98e-05,3.98e-05,3.98e-05
200,2343.59,0.69009,0.32912,0.94189,0.95863,0.92681,0.97515,0.60861,1.31375,0.62025,1.14667,2.99e-05,2.99e-05,2.99e-05
